typeCode,freqCode,refPeriodId,refYear,refMonth,period,reporterCode,reporterISO,reporterDesc,flowCode,flowDesc,partnerCode,partnerISO,partnerDesc,partner2Code,partner2ISO,partner2Desc,classificationCode,classificationSearchCode,isOriginalClassification,cmdCode,cmdDesc,aggrLevel,isLeaf,customsCode,customsDesc,mosCode,motCode,motDesc,qtyUnitCode,qtyUnitAbbr,qty,isQtyEstimated,altQtyUnitCode,altQtyUnitAbbr,altQty,isAltQtyEstimated,netWgt,isNetWgtEstimated,grossWgt,isGrossWgtEstimated,cifvalue,fobvalue,primaryValue,legacyEstimationFlag,isReported,isAggregate
"C","A","20230101","2023","52","2023","8","ALB","Albania","X","Export","0","W00","World","0","W00","World","H6","HS","true","TOTAL","All Commodities","0","false","C00","TOTAL CPC","0","0","TOTAL MOT","-1","N/A","0","false","-1","N/A","0","false","0","true","0","false",,"4374857212.456","4374857212.456","4","false","true",
"C","A","20230101","2023","52","2023","20","AND","Andorra","X","Export","0","W00","World","0","W00","World","H6","HS","true","TOTAL","All Commodities","0","false","C00","TOTAL CPC","0","0","TOTAL MOT","-1","N/A","0","false","-1","N/A","0","false","0","true","0","false",,"252365105.054","252365105.054","4","false","true",
"C","A","20230101","2023","52","2023","24","AGO","Angola","X","Export","0","W00","World","0","W00","World","H5","HS","true","TOTAL","All Commodities","0","false","C00","TOTAL CPC","0","0","TOTAL MOT","-1","N/A","0","false","-1","N/A","0","false",,"false","0","false",,"39505783208.732","39505783208.732","0","false","true",
"C","A","20230101","2023","52","2023","28","ATG","Antigua and Barbuda","X","Export","0","W00","World","0","W00","World","H3","HS","true","TOTAL","All Commodities","0","false","C00","TOTAL CPC","0","0","TOTAL MOT","-1","N/A","0","false","-1","N/A","0","false","0","true","0","false",,"30496874.229","30496874.229","4","false","true",
"C","A","20230101","2023","52","2023","31","AZE","Azerbaijan","X","Export","0","W00","World","0","W00","World","H6","HS","true","TOTAL","All Commodities","0","false","C00","TOTAL CPC","0","0","TOTAL MOT","-1","N/A","0","false","-1","N/A","0","false",,"false","0","false",,"33898554855.28","33898554855.28","0","false","true",
"C","A","20230101","2023","52","2023","32","ARG","Argentina","X","Export","0","W00","World","0","W00","World","H5","HS","true","TOTAL","All Commodities","0","false","C00","TOTAL CPC","0","0","TOTAL MOT","-1","N/A","0","false","-1","N/A","0","false","0","true","0","false",,"66788515986.35","66788515986.35","4","false","true",
"C","A","20230101","2023","52","2023","36","AUS","Australia","X","Export","0","W00","World","0","W00","World","H6","HS","true","TOTAL","All Commodities","0","false","C00","TOTAL CPC","0","0","TOTAL MOT","-1","N/A","0","false","-1","N/A","0","false",,"false","0","false",,"369235124159.052","369235124159.052","0","false","true",
"C","A","20230101","2023","52","2023","40","AUT","Austria","X","Export","0","W00","World","0","W00","World","H6","HS","true","TOTAL","All Commodities","0","false","C00","TOTAL CPC","0","0","TOTAL MOT","-1","N/A","0","false","-1","N/A","0","false","0","true","0","false",,"216176589470.172","216176589470.172","4","false","true",
"C","A","20230101","2023","52","2023","44","BHS","Bahamas","X","Export","0","W00","World","0","W00","World","H6","HS","true","TOTAL","All Commodities","0","false","C00","TOTAL CPC","0","0","TOTAL MOT","-1","N/A","0","false","-1","N/A","0","false","0","true","0","false",,"700601581","700601581","4","false","true",
"C","A","20230101","2023","52","2023","48","BHR","Bahrain","X","Export","0","W00","World","0","W00","World","H6","HS","true","TOTAL","All Commodities","0","false","C00","TOTAL CPC","0","0","TOTAL MOT","-1","N/A","0","false","-1","N/A","0","false","0","true","0","false",,"12406927759.432","12406927759.432","4","false","true",
"C","A","20230101","2023","52","2023","51","ARM","Armenia","X","Export","0","W00","World","0","W00","World","H6","HS","true","TOTAL","All Commodities","0","false","C00","TOTAL CPC","0","0","TOTAL MOT","-1","N/A","0","false","-1","N/A","0","false",,"false","0","false",,"8508041375.93","8508041375.93","0","false","true",
"C","A","20230101","2023","52","2023","52","BRB","Barbados","X","Export","0","W00","World","0","W00","World","H5","HS","true","TOTAL","All Commodities","0","false","C00","TOTAL CPC","0","0","TOTAL MOT","-1","N/A","0","false","-1","N/A","0","false",,"false","0","false",,"475842549","475842549","0","false","true",
"C","A","20230101","2023","52","2023","56","BEL","Belgium","X","Export","0","W00","World","0","W00","World","H6","HS","true","TOTAL","All Commodities","0","false","C00","TOTAL CPC","0","0","TOTAL MOT","-1","N/A","0","false","-1","N/A","0","false","0","true","0","false",,"397307958062.375","397307958062.375","4","false","true",
"C","A","20230101","2023","52","2023","60","BMU","Bermuda","X","Export","0","W00","World","0","W00","World","H6","HS","true","TOTAL","All Commodities","0","false","C00","TOTAL CPC","0","0","TOTAL MOT","-1","N/A","0","false","-1","N/A","0","false","0","true","0","false",,"22284773.74","22284773.74","4","false","true",
"C","A","20230101","2023","52","2023","64","BTN","Bhutan","X","Export","0","W00","World","0","W00","World","H6","HS","true","TOTAL","All Commodities","0","false","C00","TOTAL CPC","0","0","TOTAL MOT","-1","N/A","0","false","-1","N/A","0","false",,"false","0","false",,"435625880.338","435625880.338","0","false","true",
"C","A","20230101","2023","52","2023","68","BOL","Bolivia (Plurinational State of)","X","Export","0","W00","World","0","W00","World","H6","HS","true","TOTAL","All Commodities","0","false","C00","TOTAL CPC","0","0","TOTAL MOT","-1","N/A","0","false","-1","N/A","0","false",,"false","0","false",,"10918688057.06","10918688057.06","0","false","true",
"C","A","20230101","2023","52","2023","70","BIH","Bosnia Herzegovina","X","Export","0","W00","World","0","W00","World","H6","HS","true","TOTAL","All Commodities","0","false","C00","TOTAL CPC","0","0","TOTAL MOT","-1","N/A","0","false","-1","N/A","0","false","0","true","0","false",,"9228185850.185","9228185850.185","4","false","true",
"C","A","20230101","2023","52","2023","72","BWA","Botswana","X","Export","0","W00","World","0","W00","World","H6","HS","true","TOTAL","All Commodities","0","false","C00","TOTAL CPC","0","0","TOTAL MOT","-1","N/A","0","false","-1","N/A","0","false","0","true","0","false",,"5502716523.754","5502716523.754","4","false","true",
"C","A","20230101","2023","52","2023","76","BRA","Brazil","X","Export","0","W00","World","0","W00","World","H6","HS","true","TOTAL","All Commodities","0","false","C00","TOTAL CPC","0","0","TOTAL MOT","-1","N/A","0","false","-1","N/A","0","false","0","true","0","false",,"339695766008","339695766008","4","false","true",
"C","A","20230101","2023","52","2023","84","BLZ","Belize","X","Export","0","W00","World","0","W00","World","H6","HS","true","TOTAL","All Commodities","0","false","C00","TOTAL CPC","0","0","TOTAL MOT","-1","N/A","0","false","-1","N/A","0","false","0","true","0","false",,"253837545.553","253837545.553","4","false","true",
"C","A","20230101","2023","52","2023","96","BRN","Brunei Darussalam","X","Export","0","W00","World","0","W00","World","H6","HS","true","TOTAL","All Commodities","0","false","C00","TOTAL CPC","0","0","TOTAL MOT","-1","N/A","0","false","-1","N/A","0","false",,"false","0","false",,"11240624705.271","11240624705.271","0","false","true",
"C","A","20230101","2023","52","2023","100","BGR","Bulgaria","X","Export","0","W00","World","0","W00","World","H6","HS","true","TOTAL","All Commodities","0","false","C00","TOTAL CPC","0","0","TOTAL MOT","-1","N/A","0","false","-1","N/A","0","false",,"false","0","false",,"47900556830.376","47900556830.376","0","false","true",
"C","A","20230101","2023","52","2023","104","MMR","Myanmar","X","Export","0","W00","World","0","W00","World","H6","HS","true","TOTAL","All Commodities","0","false","C00","TOTAL CPC","0","0","TOTAL MOT","-1","N/A","0","false","-1","N/A","0","false",,"false","0","false",,"14752993056.935","14752993056.935","0","false","true",
"C","A","20230101","2023","52","2023","108","BDI","Burundi","X","Export","0","W00","World","0","W00","World","H6","HS","true","TOTAL","All Commodities","0","false","C00","TOTAL CPC","0","0","TOTAL MOT","-1","N/A","0","false","-1","N/A","0","false",,"false","0","false",,"217474261.16","217474261.16","0","false","true",
"C","A","20230101","2023","52","2023","116","KHM","Cambodia","X","Export","0","W00","World","0","W00","World","H6","HS","true","TOTAL","All Commodities","0","false","C00","TOTAL CPC","0","0","TOTAL MOT","-1","N/A","0","false","-1","N/A","0","false","0","true","0","false",,"21676660006.492","21676660006.492","4","false","true",
"C","A","20230101","2023","52","2023","120","CMR","Cameroon","X","Export","0","W00","World","0","W00","World","H6","HS","true","TOTAL","All Commodities","0","false","C00","TOTAL CPC","0","0","TOTAL MOT","-1","N/A","0","false","-1","N/A","0","false","0","true","0","false",,"4967511895.978","4967511895.978","4","false","true",
"C","A","20230101","2023","52","2023","124","CAN","Canada","X","Export","0","W00","World","0","W00","World","H6","HS","true","TOTAL","All Commodities","0","false","C00","TOTAL CPC","0","0","TOTAL MOT","-1","N/A","0","false","-1","N/A","0","false",,"false","0","false",,"567344538003.471","567344538003.471","0","false","true",
"C","A","20230101","2023","52","2023","132","CPV","Cabo Verde","X","Export","0","W00","World","0","W00","World","H5","HS","true","TOTAL","All Commodities","0","false","C00","TOTAL CPC","0","0","TOTAL MOT","-1","N/A","0","false","-1","N/A","0","false","0","true","0","false","281684067.383","281684067.383","281684067.383","4","false","true",
"C","A","20230101","2023","52","2023","136","CYM","Cayman Isds","X","Export","0","W00","World","0","W00","World","H5","HS","true","TOTAL","All Commodities","0","false","C00","TOTAL CPC","0","0","TOTAL MOT","-1","N/A","0","false","-1","N/A","0","false","0","true","0","false",,"45326280.196","45326280.196","4","false","true",
"C","A","20230101","2023","52","2023","140","CAF","Central African Rep.","X","Export","0","W00","World","0","W00","World","H5","HS","true","TOTAL","All Commodities","0","false","C00","TOTAL CPC","0","0","TOTAL MOT","-1","N/A","0","false","-1","N/A","0","false","0","true","0","false",,"113284670.25","113284670.25","4","false","true",
"C","A","20230101","2023","52","2023","144","LKA","Sri Lanka","X","Export","0","W00","World","0","W00","World","H6","HS","true","TOTAL","All Commodities","0","false","C00","TOTAL CPC","0","0","TOTAL MOT","-1","N/A","0","false","-1","N/A","0","false",,"false","0","false",,"12052497548.941","12052497548.941","0","false","true",
"C","A","20230101","2023","52","2023","152","CHL","Chile","X","Export","0","W00","World","0","W00","World","H6","HS","true","TOTAL","All Commodities","0","false","C00","TOTAL CPC","0","0","TOTAL MOT","-1","N/A","0","false","-1","N/A","0","false",,"false","0","false",,"94935525007.931","94935525007.931","0","false","true",
"C","A","20230101","2023","52","2023","156","CHN","China","X","Export","0","W00","World","0","W00","World","H6","HS","true","TOTAL","All Commodities","0","false","C00","TOTAL CPC","0","0","TOTAL MOT","-1","N/A","0","false","-1","N/A","0","false","0","true","0","false",,"3379747834884","3379747834884","4","false","true",
"C","A","20230101","2023","52","2023","170","COL","Colombia","X","Export","0","W00","World","0","W00","World","H6","HS","true","TOTAL","All Commodities","0","false","C00","TOTAL CPC","0","0","TOTAL MOT","-1","N/A","0","false","-1","N/A","0","false","0","true","0","false",,"49769114432.38","49769114432.38","4","false","true",
"C","A","20230101","2023","52","2023","174","COM","Comoros","X","Export","0","W00","World","0","W00","World","H6","HS","true","TOTAL","All Commodities","0","false","C00","TOTAL CPC","0","0","TOTAL MOT","-1","N/A","0","false","-1","N/A","0","false","0","true","0","false",,"28529797.76","28529797.76","4","false","true",
"C","A","20230101","2023","52","2023","178","COG","Congo","X","Export","0","W00","World","0","W00","World","H6","HS","true","TOTAL","All Commodities","0","false","C00","TOTAL CPC","0","0","TOTAL MOT","-1","N/A","0","false","-1","N/A","0","false","0","true","0","false",,"9465032954.694","9465032954.694","4","false","true",
"C","A","20230101","2023","52","2023","180","COD","Dem. Rep. of the Congo","X","Export","0","W00","World","0","W00","World","H4","HS","true","TOTAL","All Commodities","0","false","C00","TOTAL CPC","0","0","TOTAL MOT","-1","N/A","0","false","-1","N/A","0","false","0","true","0","false",,"27726829372.841","27726829372.841","4","false","true",
"C","A","20230101","2023","52","2023","188","CRI","Costa Rica","X","Export","0","W00","World","0","W00","World","H6","HS","true","TOTAL","All Commodities","0","false","C00","TOTAL CPC","0","0","TOTAL MOT","-1","N/A","0","false","-1","N/A","0","false","0","true","0","false",,"18105904673.666","18105904673.666","4","false","true",
"C","A","20230101","2023","52","2023","191","HRV","Croatia","X","Export","0","W00","World","0","W00","World","H6","HS","true","TOTAL","All Commodities","0","false","C00","TOTAL CPC","0","0","TOTAL MOT","-1","N/A","0","false","-1","N/A","0","false","0","true","0","false",,"24670430758","24670430758","4","false","true",
"C","A","20230101","2023","52","2023","196","CYP","Cyprus","X","Export","0","W00","World","0","W00","World","H6","HS","true","TOTAL","All Commodities","0","false","C00","TOTAL CPC","0","0","TOTAL MOT","-1","N/A","0","false","-1","N/A","0","false",,"false","0","false",,"5132376196.299","5132376196.299","0","false","true",
"C","A","20230101","2023","52","2023","203","CZE","Czechia","X","Export","0","W00","World","0","W00","World","H6","HS","true","TOTAL","All Commodities","0","false","C00","TOTAL CPC","0","0","TOTAL MOT","-1","N/A","0","false","-1","N/A","0","false",,"false","0","false",,"253327521218","253327521218","0","false","true",
"C","A","20230101","2023","52","2023","204","BEN","Benin","X","Export","0","W00","World","0","W00","World","H6","HS","true","TOTAL","All Commodities","0","false","C00","TOTAL CPC","0","0","TOTAL MOT","-1","N/A","0","false","-1","N/A","0","false","0","true","0","false",,"1052210913.543","1052210913.543","4","false","true",
"C","A","20230101","2023","52","2023","208","DNK","Denmark","X","Export","0","W00","World","0","W00","World","H6","HS","true","TOTAL","All Commodities","0","false","C00","TOTAL CPC","0","0","TOTAL MOT","-1","N/A","0","false","-1","N/A","0","false","0","true","0","false",,"128600488398.213","128600488398.213","4","false","true",
"C","A","20230101","2023","52","2023","212","DMA","Dominica","X","Export","0","W00","World","0","W00","World","H5","HS","true","TOTAL","All Commodities","0","false","C00","TOTAL CPC","0","0","TOTAL MOT","-1","N/A","0","false","-1","N/A","0","false","0","true","0","false",,"22042230.18","22042230.18","4","false","true",
"C","A","20230101","2023","52","2023","214","DOM","Dominican Rep.","X","Export","0","W00","World","0","W00","World","H6","HS","true","TOTAL","All Commodities","0","false","C00","TOTAL CPC","0","0","TOTAL MOT","-1","N/A","0","false","-1","N/A","0","false",,"false","0","false",,"11931953786.046","11931953786.046","0","false","true",
"C","A","20230101","2023","52","2023","218","ECU","Ecuador","X","Export","0","W00","World","0","W00","World","H6","HS","true","TOTAL","All Commodities","0","false","C00","TOTAL CPC","0","0","TOTAL MOT","-1","N/A","0","false","-1","N/A","0","false",,"false","0","false",,"31126424076.3","31126424076.3","0","false","true",
"C","A","20230101","2023","52","2023","222","SLV","El Salvador","X","Export","0","W00","World","0","W00","World","H6","HS","true","TOTAL","All Commodities","0","false","C00","TOTAL CPC","0","0","TOTAL MOT","-1","N/A","0","false","-1","N/A","0","false","0","true","0","false",,"6498092242","6498092242","4","false","true",
"C","A","20230101","2023","52","2023","231","ETH","Ethiopia","X","Export","0","W00","World","0","W00","World","H6","HS","true","TOTAL","All Commodities","0","false","C00","TOTAL CPC","0","0","TOTAL MOT","-1","N/A","0","false","-1","N/A","0","false","0","true","0","false",,"2859456865.95","2859456865.95","4","false","true",
"C","A","20230101","2023","52","2023","233","EST","Estonia","X","Export","0","W00","World","0","W00","World","H6","HS","true","TOTAL","All Commodities","0","false","C00","TOTAL CPC","0","0","TOTAL MOT","-1","N/A","0","false","-1","N/A","0","false","0","true","0","false",,"20108196603","20108196603","4","false","true",
"C","A","20230101","2023","52","2023","242","FJI","Fiji","X","Export","0","W00","World","0","W00","World","H6","HS","true","TOTAL","All Commodities","0","false","C00","TOTAL CPC","0","0","TOTAL MOT","-1","N/A","0","false","-1","N/A","0","false","0","true","0","false",,"1067689697.639","1067689697.639","4","false","true",
"C","A","20230101","2023","52","2023","246","FIN","Finland","X","Export","0","W00","World","0","W00","World","H6","HS","true","TOTAL","All Commodities","0","false","C00","TOTAL CPC","0","0","TOTAL MOT","-1","N/A","0","false","-1","N/A","0","false","0","true","0","false",,"82567752672.758","82567752672.758","4","false","true",
"C","A","20230101","2023","52","2023","251","FRA","France","X","Export","0","W00","World","0","W00","World","H6","HS","true","TOTAL","All Commodities","0","false","C00","TOTAL CPC","0","0","TOTAL MOT","-1","N/A","0","false","-1","N/A","0","false",,"false","0","false",,"660448721960.556","660448721960.556","0","false","true",
"C","A","20230101","2023","52","2023","258","PYF","French Polynesia","X","Export","0","W00","World","0","W00","World","H5","HS","true","TOTAL","All Commodities","0","false","C00","TOTAL CPC","0","0","TOTAL MOT","-1","N/A","0","false","-1","N/A","0","false","0","false","0","false",,"244186132.156","244186132.156","0","false","true",
"C","A","20230101","2023","52","2023","262","DJI","Djibouti","X","Export","0","W00","World","0","W00","World","H3","HS","true","TOTAL","All Commodities","0","false","C00","TOTAL CPC","0","0","TOTAL MOT","-1","N/A","0","false","-1","N/A","0","false",,"false","0","false",,"4784715682.322","4784715682.322","0","false","true",
"C","A","20230101","2023","52","2023","266","GAB","Gabon","X","Export","0","W00","World","0","W00","World","H6","HS","true","TOTAL","All Commodities","0","false","C00","TOTAL CPC","0","0","TOTAL MOT","-1","N/A","0","false","-1","N/A","0","false","0","true","0","false",,"12694967528.557","12694967528.557","4","false","true",
"C","A","20230101","2023","52","2023","268","GEO","Georgia","X","Export","0","W00","World","0","W00","World","H5","HS","true","TOTAL","All Commodities","0","false","C00","TOTAL CPC","0","0","TOTAL MOT","-1","N/A","0","false","-1","N/A","0","false",,"false","0","false",,"6086325964.956","6086325964.956","0","false","true",
"C","A","20230101","2023","52","2023","270","GMB","Gambia","X","Export","0","W00","World","0","W00","World","H6","HS","true","TOTAL","All Commodities","0","false","C00","TOTAL CPC","0","0","TOTAL MOT","-1","N/A","0","false","-1","N/A","0","false","0","true","0","false",,"83449801.594","83449801.594","4","false","true",
"C","A","20230101","2023","52","2023","275","PSE","State of Palestine","X","Export","0","W00","World","0","W00","World","H4","HS","true","TOTAL","All Commodities","0","false","C00","TOTAL CPC","0","0","TOTAL MOT","-1","N/A","0","false","-1","N/A","0","false",,"false","0","false",,"1521387919.622","1521387919.622","0","false","true",
"C","A","20230101","2023","52","2023","276","DEU","Germany","X","Export","0","W00","World","0","W00","World","H6","HS","true","TOTAL","All Commodities","0","false","C00","TOTAL CPC","0","0","TOTAL MOT","-1","N/A","0","false","-1","N/A","0","false",,"false","0","false",,"1725527288354.528","1725527288354.528","0","false","true",
"C","A","20230101","2023","52","2023","288","GHA","Ghana","X","Export","0","W00","World","0","W00","World","H5","HS","true","TOTAL","All Commodities","0","false","C00","TOTAL CPC","0","0","TOTAL MOT","-1","N/A","0","false","-1","N/A","0","false",,"false","0","false",,"16874662286.131","16874662286.131","0","false","true",
"C","A","20230101","2023","52","2023","300","GRC","Greece","X","Export","0","W00","World","0","W00","World","H6","HS","true","TOTAL","All Commodities","0","false","C00","TOTAL CPC","0","0","TOTAL MOT","-1","N/A","0","false","-1","N/A","0","false","0","true","0","false",,"55051586783.705","55051586783.705","4","false","true",
"C","A","20230101","2023","52","2023","308","GRD","Grenada","X","Export","0","W00","World","0","W00","World","H4","HS","true","TOTAL","All Commodities","0","false","C00","TOTAL CPC","0","0","TOTAL MOT","-1","N/A","0","false","-1","N/A","0","false","0","true","0","false",,"46055094.055","46055094.055","4","false","true",
"C","A","20230101","2023","52","2023","320","GTM","Guatemala","X","Export","0","W00","World","0","W00","World","H6","HS","true","TOTAL","All Commodities","0","false","C00","TOTAL CPC","0","0","TOTAL MOT","-1","N/A","0","false","-1","N/A","0","false","0","true","0","false",,"14261032628","14261032628","4","false","true",
"C","A","20230101","2023","52","2023","328","GUY","Guyana","X","Export","0","W00","World","0","W00","World","H5","HS","true","TOTAL","All Commodities","0","false","C00","TOTAL CPC","0","0","TOTAL MOT","-1","N/A","0","false","-1","N/A","0","false",,"false","0","false",,"10811756230.203","10811756230.203","0","false","true",
"C","A","20230101","2023","52","2023","340","HND","Honduras","X","Export","0","W00","World","0","W00","World","H6","HS","true","TOTAL","All Commodities","0","false","C00","TOTAL CPC","0","0","TOTAL MOT","-1","N/A","0","false","-1","N/A","0","false","0","true","0","false",,"7170970774.39","7170970774.39","4","false","true",
"C","A","20230101","2023","52","2023","344","HKG","China, Hong Kong SAR","X","Export","0","W00","World","0","W00","World","H6","HS","true","TOTAL","All Commodities","0","false","C00","TOTAL CPC","0","0","TOTAL MOT","-1","N/A","0","false","-1","N/A","0","false","0","true","0","false",,"575044377645.823","575044377645.823","4","false","true",
"C","A","20230101","2023","52","2023","348","HUN","Hungary","X","Export","0","W00","World","0","W00","World","H6","HS","true","TOTAL","All Commodities","0","false","C00","TOTAL CPC","0","0","TOTAL MOT","-1","N/A","0","false","-1","N/A","0","false","0","true","0","false",,"158593089229.56","158593089229.56","4","false","true",
"C","A","20230101","2023","52","2023","352","ISL","Iceland","X","Export","0","W00","World","0","W00","World","H6","HS","true","TOTAL","All Commodities","0","false","C00","TOTAL CPC","0","0","TOTAL MOT","-1","N/A","0","false","-1","N/A","0","false","0","true","0","false",,"6807539976.725","6807539976.725","4","false","true",
"C","A","20230101","2023","52","2023","360","IDN","Indonesia","X","Export","0","W00","World","0","W00","World","H6","HS","true","TOTAL","All Commodities","0","false","C00","TOTAL CPC","0","0","TOTAL MOT","-1","N/A","0","false","-1","N/A","0","false","0","true","0","false",,"258774386644.997","258774386644.997","4","false","true",
"C","A","20230101","2023","52","2023","372","IRL","Ireland","X","Export","0","W00","World","0","W00","World","H6","HS","true","TOTAL","All Commodities","0","false","C00","TOTAL CPC","0","0","TOTAL MOT","-1","N/A","0","false","-1","N/A","0","false","0","true","0","false",,"212869514240.842","212869514240.842","4","false","true",
"C","A","20230101","2023","52","2023","376","ISR","Israel","X","Export","0","W00","World","0","W00","World","H6","HS","true","TOTAL","All Commodities","0","false","C00","TOTAL CPC","0","0","TOTAL MOT","-1","N/A","0","false","-1","N/A","0","false","0","true","0","false",,"58904608000","58904608000","4","false","true",
"C","A","20230101","2023","52","2023","380","ITA","Italy","X","Export","0","W00","World","0","W00","World","H6","HS","true","TOTAL","All Commodities","0","false","C00","TOTAL CPC","0","0","TOTAL MOT","-1","N/A","0","false","-1","N/A","0","false","0","true","0","false",,"677095229000.932","677095229000.932","4","false","true",
"C","A","20230101","2023","52","2023","384","CIV","Côte d'Ivoire","X","Export","0","W00","World","0","W00","World","H6","HS","true","TOTAL","All Commodities","0","false","C00","TOTAL CPC","0","0","TOTAL MOT","-1","N/A","0","false","-1","N/A","0","false","0","true","0","false",,"18350163618.47","18350163618.47","4","false","true",
"C","A","20230101","2023","52","2023","388","JAM","Jamaica","X","Export","0","W00","World","0","W00","World","H6","HS","true","TOTAL","All Commodities","0","false","C00","TOTAL CPC","0","0","TOTAL MOT","-1","N/A","0","false","-1","N/A","0","false","0","true","0","false",,"2001802216.77","2001802216.77","4","false","true",
"C","A","20230101","2023","52","2023","392","JPN","Japan","X","Export","0","W00","World","0","W00","World","H6","HS","true","TOTAL","All Commodities","0","false","C00","TOTAL CPC","0","0","TOTAL MOT","-1","N/A","0","false","-1","N/A","0","false","0","true","0","false",,"717946392139.136","717946392139.136","4","false","true",
"C","A","20230101","2023","52","2023","398","KAZ","Kazakhstan","X","Export","0","W00","World","0","W00","World","H6","HS","true","TOTAL","All Commodities","0","false","C00","TOTAL CPC","0","0","TOTAL MOT","-1","N/A","0","false","-1","N/A","0","false","0","true","0","false",,"78735590866.92","78735590866.92","4","false","true",
"C","A","20230101","2023","52","2023","400","JOR","Jordan","X","Export","0","W00","World","0","W00","World","H6","HS","true","TOTAL","All Commodities","0","false","C00","TOTAL CPC","0","0","TOTAL MOT","-1","N/A","0","false","-1","N/A","0","false",,"false","0","false",,"12589565487.821","12589565487.821","0","false","true",
"C","A","20230101","2023","52","2023","404","KEN","Kenya","X","Export","0","W00","World","0","W00","World","H6","HS","true","TOTAL","All Commodities","0","false","C00","TOTAL CPC","0","0","TOTAL MOT","-1","N/A","0","false","-1","N/A","0","false","0","true","0","false",,"7158109332.771","7158109332.771","4","false","true",
"C","A","20230101","2023","52","2023","410","KOR","Rep. of Korea","X","Export","0","W00","World","0","W00","World","H6","HS","true","TOTAL","All Commodities","0","false","C00","TOTAL CPC","0","0","TOTAL MOT","-1","N/A","0","false","-1","N/A","0","false","0","true","0","false",,"631804230615","631804230615","4","false","true",
"C","A","20230101","2023","52","2023","414","KWT","Kuwait","X","Export","0","W00","World","0","W00","World","H6","HS","true","TOTAL","All Commodities","0","false","C00","TOTAL CPC","0","0","TOTAL MOT","-1","N/A","0","false","-1","N/A","0","false","0","true","0","false",,"83979908827.865","83979908827.865","4","false","true",
"C","A","20230101","2023","52","2023","417","KGZ","Kyrgyzstan","X","Export","0","W00","World","0","W00","World","H6","HS","true","TOTAL","All Commodities","0","false","C00","TOTAL CPC","0","0","TOTAL MOT","-1","N/A","0","false","-1","N/A","0","false","0","true","0","false",,"3384855970","3384855970","4","false","true",
"C","A","20230101","2023","52","2023","418","LAO","Lao People's Dem. Rep.","X","Export","0","W00","World","0","W00","World","H6","HS","true","TOTAL","All Commodities","0","false","C00","TOTAL CPC","0","0","TOTAL MOT","-1","N/A","0","false","-1","N/A","0","false","0","true","0","false",,"6042417591.685","6042417591.685","4","false","true",
"C","A","20230101","2023","52","2023","422","LBN","Lebanon","X","Export","0","W00","World","0","W00","World","H5","HS","true","TOTAL","All Commodities","0","false","C00","TOTAL CPC","0","0","TOTAL MOT","-1","N/A","0","false","-1","N/A","0","false",,"false","0","false",,"4560693573","4560693573","0","false","true",
"C","A","20230101","2023","52","2023","426","LSO","Lesotho","X","Export","0","W00","World","0","W00","World","H6","HS","true","TOTAL","All Commodities","0","false","C00","TOTAL CPC","0","0","TOTAL MOT","-1","N/A","0","false","-1","N/A","0","false","0","true","0","false",,"829902338.925","829902338.925","4","false","true",
"C","A","20230101","2023","52","2023","428","LVA","Latvia","X","Export","0","W00","World","0","W00","World","H6","HS","true","TOTAL","All Commodities","0","false","C00","TOTAL CPC","0","0","TOTAL MOT","-1","N/A","0","false","-1","N/A","0","false",,"false","0","false",,"20539978432.053","20539978432.053","0","false","true",
"C","A","20230101","2023","52","2023","430","LBR","Liberia","X","Export","0","W00","World","0","W00","World","H6","HS","true","TOTAL","All Commodities","0","false","C00","TOTAL CPC","0","0","TOTAL MOT","-1","N/A","0","false","-1","N/A","0","false","0","true","0","false",,"153702571.16","153702571.16","4","false","true",
"C","A","20230101","2023","52","2023","440","LTU","Lithuania","X","Export","0","W00","World","0","W00","World","H6","HS","true","TOTAL","All Commodities","0","false","C00","TOTAL CPC","0","0","TOTAL MOT","-1","N/A","0","false","-1","N/A","0","false","0","true","0","false",,"42625691925","42625691925","4","false","true",
"C","A","20230101","2023","52","2023","442","LUX","Luxembourg","X","Export","0","W00","World","0","W00","World","H6","HS","true","TOTAL","All Commodities","0","false","C00","TOTAL CPC","0","0","TOTAL MOT","-1","N/A","0","false","-1","N/A","0","false","0","true","0","false",,"16367613412.471","16367613412.471","4","false","true",
"C","A","20230101","2023","52","2023","446","MAC","China, Macao SAR","X","Export","0","W00","World","0","W00","World","H6","HS","true","TOTAL","All Commodities","0","false","C00","TOTAL CPC","0","0","TOTAL MOT","-1","N/A","0","false","-1","N/A","0","false","0","true","0","false",,"1221552447.076","1221552447.076","4","false","true",
"C","A","20230101","2023","52","2023","450","MDG","Madagascar","X","Export","0","W00","World","0","W00","World","H6","HS","true","TOTAL","All Commodities","0","false","C00","TOTAL CPC","0","0","TOTAL MOT","-1","N/A","0","false","-1","N/A","0","false","0","true","0","false",,"3282849543.544","3282849543.544","4","false","true",
"C","A","20230101","2023","52","2023","454","MWI","Malawi","X","Export","0","W00","World","0","W00","World","H6","HS","true","TOTAL","All Commodities","0","false","C00","TOTAL CPC","0","0","TOTAL MOT","-1","N/A","0","false","-1","N/A","0","false","0","true","0","false",,"965509352.191","965509352.191","4","false","true",
"C","A","20230101","2023","52","2023","458","MYS","Malaysia","X","Export","0","W00","World","0","W00","World","H6","HS","true","TOTAL","All Commodities","0","false","C00","TOTAL CPC","0","0","TOTAL MOT","-1","N/A","0","false","-1","N/A","0","false",,"false","0","false",,"312605385581.646","312605385581.646","0","false","true",
"C","A","20230101","2023","52","2023","462","MDV","Maldives","X","Export","0","W00","World","0","W00","World","H6","HS","true","TOTAL","All Commodities","0","false","C00","TOTAL CPC","0","0","TOTAL MOT","-1","N/A","0","false","-1","N/A","0","false",,"false","0","false",,"162055101.628","162055101.628","0","false","true",
"C","A","20230101","2023","52","2023","466","MLI","Mali","X","Export","0","W00","World","0","W00","World","H6","HS","true","TOTAL","All Commodities","0","false","C00","TOTAL CPC","0","0","TOTAL MOT","-1","N/A","0","false","-1","N/A","0","false","0","true","0","false",,"4006273816.848","4006273816.848","4","false","true",
"C","A","20230101","2023","52","2023","470","MLT","Malta","X","Export","0","W00","World","0","W00","World","H6","HS","true","TOTAL","All Commodities","0","false","C00","TOTAL CPC","0","0","TOTAL MOT","-1","N/A","0","false","-1","N/A","0","false","0","true","0","false",,"3466576103.437","3466576103.437","4","false","true",
"C","A","20230101","2023","52","2023","478","MRT","Mauritania","X","Export","0","W00","World","0","W00","World","H5","HS","true","TOTAL","All Commodities","0","false","C00","TOTAL CPC","0","0","TOTAL MOT","-1","N/A","0","false","-1","N/A","0","false","0","true","0","false",,"4065189554.409","4065189554.409","4","false","true",
"C","A","20230101","2023","52","2023","480","MUS","Mauritius","X","Export","0","W00","World","0","W00","World","H6","HS","true","TOTAL","All Commodities","0","false","C00","TOTAL CPC","0","0","TOTAL MOT","-1","N/A","0","false","-1","N/A","0","false",,"false","0","false",,"1854239181.84","1854239181.84","0","false","true",
"C","A","20230101","2023","52","2023","484","MEX","Mexico","X","Export","0","W00","World","0","W00","World","H6","HS","true","TOTAL","All Commodities","0","false","C00","TOTAL CPC","0","0","TOTAL MOT","-1","N/A","0","false","-1","N/A","0","false",,"false","0","false",,"595972772664","595972772664","0","false","true",
"C","A","20230101","2023","52","2023","490","S19","Other Asia, nes","X","Export","0","W00","World","0","W00","World","H6","HS","true","TOTAL","All Commodities","0","false","C00","TOTAL CPC","0","0","TOTAL MOT","-1","N/A","0","false","-1","N/A","0","false","0","true","0","false",,"432204004148.435","432204004148.435","4","false","true",
"C","A","20230101","2023","52","2023","496","MNG","Mongolia","X","Export","0","W00","World","0","W00","World","H6","HS","true","TOTAL","All Commodities","0","false","C00","TOTAL CPC","0","0","TOTAL MOT","-1","N/A","0","false","-1","N/A","0","false","0","true","0","false",,"15184462711.084","15184462711.084","4","false","true",
"C","A","20230101","2023","52","2023","498","MDA","Rep. of Moldova","X","Export","0","W00","World","0","W00","World","H6","HS","true","TOTAL","All Commodities","0","false","C00","TOTAL CPC","0","0","TOTAL MOT","-1","N/A","0","false","-1","N/A","0","false",,"false","0","false",,"4048616803","4048616803","0","false","true",
"C","A","20230101","2023","52","2023","499","MNE","Montenegro","X","Export","0","W00","World","0","W00","World","H6","HS","true","TOTAL","All Commodities","0","false","C00","TOTAL CPC","0","0","TOTAL MOT","-1","N/A","0","false","-1","N/A","0","false",,"false","0","false",,"722520232.811","722520232.811","0","false","true",
"C","A","20230101","2023","52","2023","500","MSR","Montserrat","X","Export","0","W00","World","0","W00","World","H5","HS","true","TOTAL","All Commodities","0","false","C00","TOTAL CPC","0","0","TOTAL MOT","-1","N/A","0","false","-1","N/A","0","false","0","true","0","false",,"5765684.368","5765684.368","4","false","true",
"C","A","20230101","2023","52","2023","504","MAR","Morocco","X","Export","0","W00","World","0","W00","World","H6","HS","true","TOTAL","All Commodities","0","false","C00","TOTAL CPC","0","0","TOTAL MOT","-1","N/A","0","false","-1","N/A","0","false","0","true","0","false",,"42462806869.922","42462806869.922","4","false","true",
"C","A","20230101","2023","52","2023","508","MOZ","Mozambique","X","Export","0","W00","World","0","W00","World","H6","HS","true","TOTAL","All Commodities","0","false","C00","TOTAL CPC","0","0","TOTAL MOT","-1","N/A","0","false","-1","N/A","0","false",,"false","0","false",,"8275973000","8275973000","0","false","true",
"C","A","20230101","2023","52","2023","512","OMN","Oman","X","Export","0","W00","World","0","W00","World","H6","HS","true","TOTAL","All Commodities","0","false","C00","TOTAL CPC","0","0","TOTAL MOT","-1","N/A","0","false","-1","N/A","0","false",,"false","0","false",,"59010531457.714","59010531457.714","0","false","true",
"C","A","20230101","2023","52","2023","516","NAM","Namibia","X","Export","0","W00","World","0","W00","World","H6","HS","true","TOTAL","All Commodities","0","false","C00","TOTAL CPC","0","0","TOTAL MOT","-1","N/A","0","false","-1","N/A","0","false","0","true","0","false",,"5526025507.579","5526025507.579","4","false","true",
"C","A","20230101","2023","52","2023","528","NLD","Netherlands","X","Export","0","W00","World","0","W00","World","H6","HS","true","TOTAL","All Commodities","0","false","C00","TOTAL CPC","0","0","TOTAL MOT","-1","N/A","0","false","-1","N/A","0","false","0","true","0","false",,"717440099558.351","717440099558.351","4","false","true",
"C","A","20230101","2023","52","2023","533","ABW","Aruba","X","Export","0","W00","World","0","W00","World","H4","HS","true","TOTAL","All Commodities","0","false","C00","TOTAL CPC","0","0","TOTAL MOT","-1","N/A","0","false","-1","N/A","0","false","0","true","0","false",,"111004913.519","111004913.519","4","false","true",
"C","A","20230101","2023","52","2023","554","NZL","New Zealand","X","Export","0","W00","World","0","W00","World","H6","HS","true","TOTAL","All Commodities","0","false","C00","TOTAL CPC","0","0","TOTAL MOT","-1","N/A","0","false","-1","N/A","0","false",,"false","0","false",,"42124240556.027","42124240556.027","0","false","true",
"C","A","20230101","2023","52","2023","558","NIC","Nicaragua","X","Export","0","W00","World","0","W00","World","H6","HS","true","TOTAL","All Commodities","0","false","C00","TOTAL CPC","0","0","TOTAL MOT","-1","N/A","0","false","-1","N/A","0","false","0","true","0","false",,"7378486427.04","7378486427.04","4","false","true",
"C","A","20230101","2023","52","2023","562","NER","Niger","X","Export","0","W00","World","0","W00","World","H6","HS","true","TOTAL","All Commodities","0","false","C00","TOTAL CPC","0","0","TOTAL MOT","-1","N/A","0","false","-1","N/A","0","false","0","true","0","false",,"467426222.424","467426222.424","4","false","true",
"C","A","20230101","2023","52","2023","566","NGA","Nigeria","X","Export","0","W00","World","0","W00","World","H6","HS","true","TOTAL","All Commodities","0","false","C00","TOTAL CPC","0","0","TOTAL MOT","-1","N/A","0","false","-1","N/A","0","false","0","true","0","false",,"65129007547.867","65129007547.867","4","false","true",
"C","A","20230101","2023","52","2023","579","NOR","Norway","X","Export","0","W00","World","0","W00","World","H6","HS","true","TOTAL","All Commodities","0","false","C00","TOTAL CPC","0","0","TOTAL MOT","-1","N/A","0","false","-1","N/A","0","false","0","true","0","false",,"177196076820.947","177196076820.947","4","false","true",
"C","A","20230101","2023","52","2023","586","PAK","Pakistan","X","Export","0","W00","World","0","W00","World","H6","HS","true","TOTAL","All Commodities","0","false","C00","TOTAL CPC","0","0","TOTAL MOT","-1","N/A","0","false","-1","N/A","0","false",,"false","0","false",,"28746392443.932","28746392443.932","0","false","true",
"C","A","20230101","2023","52","2023","591","PAN","Panama","X","Export","0","W00","World","0","W00","World","H6","HS","true","TOTAL","All Commodities","0","false","C00","TOTAL CPC","0","0","TOTAL MOT","-1","N/A","0","false","-1","N/A","0","false","0","false","0","false",,"3366820480","3366820480","0","false","true",
"C","A","20230101","2023","52","2023","598","PNG","Papua New Guinea","X","Export","0","W00","World","0","W00","World","H6","HS","true","TOTAL","All Commodities","0","false","C00","TOTAL CPC","0","0","TOTAL MOT","-1","N/A","0","false","-1","N/A","0","false",,"false","0","false",,"9933996732.388","9933996732.388","0","false","true",
"C","A","20230101","2023","52","2023","600","PRY","Paraguay","X","Export","0","W00","World","0","W00","World","H6","HS","true","TOTAL","All Commodities","0","false","C00","TOTAL CPC","0","0","TOTAL MOT","-1","N/A","0","false","-1","N/A","0","false",,"false","0","false",,"11869066163.86","11869066163.86","0","false","true",
"C","A","20230101","2023","52","2023","604","PER","Peru","X","Export","0","W00","World","0","W00","World","H6","HS","true","TOTAL","All Commodities","0","false","C00","TOTAL CPC","0","0","TOTAL MOT","-1","N/A","0","false","-1","N/A","0","false","0","true","0","false",,"64355040435","64355040435","4","false","true",
"C","A","20230101","2023","52","2023","608","PHL","Philippines","X","Export","0","W00","World","0","W00","World","H5","HS","true","TOTAL","All Commodities","0","false","C00","TOTAL CPC","0","0","TOTAL MOT","-1","N/A","0","false","-1","N/A","0","false",,"false","0","false",,"72923284860","72923284860","0","false","true",
"C","A","20230101","2023","52","2023","616","POL","Poland","X","Export","0","W00","World","0","W00","World","H6","HS","true","TOTAL","All Commodities","0","false","C00","TOTAL CPC","0","0","TOTAL MOT","-1","N/A","0","false","-1","N/A","0","false","0","true","0","false",,"381932840227","381932840227","4","false","true",
"C","A","20230101","2023","52","2023","620","PRT","Portugal","X","Export","0","W00","World","0","W00","World","H6","HS","true","TOTAL","All Commodities","0","false","C00","TOTAL CPC","0","0","TOTAL MOT","-1","N/A","0","false","-1","N/A","0","false",,"false","0","false",,"83624882357.911","83624882357.911","0","false","true",
"C","A","20230101","2023","52","2023","626","TLS","Timor-Leste","X","Export","0","W00","World","0","W00","World","H5","HS","true","TOTAL","All Commodities","0","false","C00","TOTAL CPC","0","0","TOTAL MOT","-1","N/A","0","false","-1","N/A","0","false","0","true","0","false",,"163722075.93","163722075.93","4","false","true",
"C","A","20230101","2023","52","2023","634","QAT","Qatar","X","Export","0","W00","World","0","W00","World","H6","HS","true","TOTAL","All Commodities","0","false","C00","TOTAL CPC","0","0","TOTAL MOT","-1","N/A","0","false","-1","N/A","0","false","0","true","0","false",,"97751493996.069","97751493996.069","4","false","true",
"C","A","20230101","2023","52","2023","642","ROU","Romania","X","Export","0","W00","World","0","W00","World","H6","HS","true","TOTAL","All Commodities","0","false","C00","TOTAL CPC","0","0","TOTAL MOT","-1","N/A","0","false","-1","N/A","0","false",,"false","0","false",,"100642462676.41","100642462676.41","0","false","true",
"C","A","20230101","2023","52","2023","670","VCT","Saint Vincent and the Grenadines","X","Export","0","W00","World","0","W00","World","H6","HS","true","TOTAL","All Commodities","0","false","C00","TOTAL CPC","0","0","TOTAL MOT","-1","N/A","0","false","-1","N/A","0","false","0","true","0","false",,"40799282.271","40799282.271","4","false","true",
"C","A","20230101","2023","52","2023","678","STP","Sao Tome and Principe","X","Export","0","W00","World","0","W00","World","H5","HS","true","TOTAL","All Commodities","0","false","C00","TOTAL CPC","0","0","TOTAL MOT","-1","N/A","0","false","-1","N/A","0","false","0","true","0","false",,"16554568.871","16554568.871","4","false","true",
"C","A","20230101","2023","52","2023","682","SAU","Saudi Arabia","X","Export","0","W00","World","0","W00","World","H6","HS","true","TOTAL","All Commodities","0","false","C00","TOTAL CPC","0","0","TOTAL MOT","-1","N/A","0","false","-1","N/A","0","false",,"false","0","false",,"320018426729.139","320018426729.139","0","false","true",
"C","A","20230101","2023","52","2023","686","SEN","Senegal","X","Export","0","W00","World","0","W00","World","H6","HS","true","TOTAL","All Commodities","0","false","C00","TOTAL CPC","0","0","TOTAL MOT","-1","N/A","0","false","-1","N/A","0","false","0","true","0","false",,"5316892833.899","5316892833.899","4","false","true",
"C","A","20230101","2023","52","2023","688","SRB","Serbia","X","Export","0","W00","World","0","W00","World","H6","HS","true","TOTAL","All Commodities","0","false","C00","TOTAL CPC","0","0","TOTAL MOT","-1","N/A","0","false","-1","N/A","0","false",,"false","0","false",,"30934596154","30934596154","0","false","true",
"C","A","20230101","2023","52","2023","690","SYC","Seychelles","X","Export","0","W00","World","0","W00","World","H5","HS","true","TOTAL","All Commodities","0","false","C00","TOTAL CPC","0","0","TOTAL MOT","-1","N/A","0","false","-1","N/A","0","false","0","true","0","false",,"548099876.614","548099876.614","4","false","true",
"C","A","20230101","2023","52","2023","699","IND","India","X","Export","0","W00","World","0","W00","World","H6","HS","true","TOTAL","All Commodities","0","false","C00","TOTAL CPC","0","0","TOTAL MOT","-1","N/A","0","false","-1","N/A","0","false",,"false","0","false",,"431411977211.3","431411977211.3","0","false","true",
"C","A","20230101","2023","52","2023","702","SGP","Singapore","X","Export","0","W00","World","0","W00","World","H6","HS","true","TOTAL","All Commodities","0","false","C00","TOTAL CPC","0","0","TOTAL MOT","-1","N/A","0","false","-1","N/A","0","false","0","true","0","false",,"475348541126.792","475348541126.792","4","false","true",
"C","A","20230101","2023","52","2023","703","SVK","Slovakia","X","Export","0","W00","World","0","W00","World","H6","HS","true","TOTAL","All Commodities","0","false","C00","TOTAL CPC","0","0","TOTAL MOT","-1","N/A","0","false","-1","N/A","0","false",,"false","0","false",,"117250176700.994","117250176700.994","0","false","true",
"C","A","20230101","2023","52","2023","704","VNM","Viet Nam","X","Export","0","W00","World","0","W00","World","H6","HS","true","TOTAL","All Commodities","0","false","C00","TOTAL CPC","0","0","TOTAL MOT","-1","N/A","0","false","-1","N/A","0","false",,"false","0","false",,"353077513296.001","353077513296.001","0","false","true",
"C","A","20230101","2023","52","2023","705","SVN","Slovenia","X","Export","0","W00","World","0","W00","World","H6","HS","true","TOTAL","All Commodities","0","false","C00","TOTAL CPC","0","0","TOTAL MOT","-1","N/A","0","false","-1","N/A","0","false",,"false","0","false",,"59506954977.681","59506954977.681","0","false","true",
"C","A","20230101","2023","52","2023","710","ZAF","South Africa","X","Export","0","W00","World","0","W00","World","H6","HS","true","TOTAL","All Commodities","0","false","C00","TOTAL CPC","0","0","TOTAL MOT","-1","N/A","0","false","-1","N/A","0","false",,"false","0","false",,"110607523884.529","110607523884.529","0","false","true",
"C","A","20230101","2023","52","2023","716","ZWE","Zimbabwe","X","Export","0","W00","World","0","W00","World","H6","HS","true","TOTAL","All Commodities","0","false","C00","TOTAL CPC","0","0","TOTAL MOT","-1","N/A","0","false","-1","N/A","0","false","0","true","0","false",,"7225585953.31","7225585953.31","4","false","true",
"C","A","20230101","2023","52","2023","724","ESP","Spain","X","Export","0","W00","World","0","W00","World","H6","HS","true","TOTAL","All Commodities","0","false","C00","TOTAL CPC","0","0","TOTAL MOT","-1","N/A","0","false","-1","N/A","0","false","0","true","0","false",,"420169591002.546","420169591002.546","4","false","true",
"C","A","20230101","2023","52","2023","740","SUR","Suriname","X","Export","0","W00","World","0","W00","World","H3","HS","true","TOTAL","All Commodities","0","false","C00","TOTAL CPC","0","0","TOTAL MOT","-1","N/A","0","false","-1","N/A","0","false","0","true","0","false",,"2310899797.996","2310899797.996","4","false","true",
"C","A","20230101","2023","52","2023","748","SWZ","Eswatini","X","Export","0","W00","World","0","W00","World","H6","HS","true","TOTAL","All Commodities","0","false","C00","TOTAL CPC","0","0","TOTAL MOT","-1","N/A","0","false","-1","N/A","0","false","0","true","0","false",,"2095601709.12","2095601709.12","4","false","true",
"C","A","20230101","2023","52","2023","752","SWE","Sweden","X","Export","0","W00","World","0","W00","World","H6","HS","true","TOTAL","All Commodities","0","false","C00","TOTAL CPC","0","0","TOTAL MOT","-1","N/A","0","false","-1","N/A","0","false",,"false","0","false",,"197533884155.232","197533884155.232","0","false","true",
"C","A","20230101","2023","52","2023","757","CHE","Switzerland","X","Export","0","W00","World","0","W00","World","H6","HS","true","TOTAL","All Commodities","0","false","C00","TOTAL CPC","0","0","TOTAL MOT","-1","N/A","0","false","-1","N/A","0","false",,"false","0","false",,"419922543423.509","419922543423.509","0","false","true",
"C","A","20230101","2023","52","2023","762","TJK","Tajikistan","X","Export","0","W00","World","0","W00","World","H4","HS","true","TOTAL","All Commodities","0","false","C00","TOTAL CPC","0","0","TOTAL MOT","-1","N/A","0","false","-1","N/A","0","false","0","true","0","false",,"1260585220","1260585220","4","false","true",
"C","A","20230101","2023","52","2023","764","THA","Thailand","X","Export","0","W00","World","0","W00","World","H6","HS","true","TOTAL","All Commodities","0","false","C00","TOTAL CPC","0","0","TOTAL MOT","-1","N/A","0","false","-1","N/A","0","false",,"false","0","false",,"285074082028.583","285074082028.583","0","false","true",
"C","A","20230101","2023","52","2023","768","TGO","Togo","X","Export","0","W00","World","0","W00","World","H5","HS","true","TOTAL","All Commodities","0","false","C00","TOTAL CPC","0","0","TOTAL MOT","-1","N/A","0","false","-1","N/A","0","false",,"false","0","false",,"1455558435.282","1455558435.282","0","false","true",
"C","A","20230101","2023","52","2023","776","TON","Tonga","X","Export","0","W00","World","0","W00","World","H5","HS","true","TOTAL","All Commodities","0","false","C00","TOTAL CPC","0","0","TOTAL MOT","-1","N/A","0","false","-1","N/A","0","false",,"false","0","false",,"11933803.519","11933803.519","0","false","true",
"C","A","20230101","2023","52","2023","780","TTO","Trinidad and Tobago","X","Export","0","W00","World","0","W00","World","H4","HS","true","TOTAL","All Commodities","0","false","C00","TOTAL CPC","0","0","TOTAL MOT","-1","N/A","0","false","-1","N/A","0","false",,"false","0","false",,"7863534522.563","7863534522.563","0","false","true",
"C","A","20230101","2023","52","2023","784","ARE","United Arab Emirates","X","Export","0","W00","World","0","W00","World","H6","HS","true","TOTAL","All Commodities","0","false","C00","TOTAL CPC","0","0","TOTAL MOT","-1","N/A","0","false","-1","N/A","0","false","0","true","0","false",,"570245383584.532","570245383584.532","4","false","true",
"C","A","20230101","2023","52","2023","788","TUN","Tunisia","X","Export","0","W00","World","0","W00","World","H6","HS","true","TOTAL","All Commodities","0","false","C00","TOTAL CPC","0","0","TOTAL MOT","-1","N/A","0","false","-1","N/A","0","false","0","true","0","false",,"20039655622.851","20039655622.851","4","false","true",
"C","A","20230101","2023","52","2023","792","TUR","Türkiye","X","Export","0","W00","World","0","W00","World","H6","HS","true","TOTAL","All Commodities","0","false","C00","TOTAL CPC","0","0","TOTAL MOT","-1","N/A","0","false","-1","N/A","0","false",,"false","0","false",,"255627429011","255627429011","0","false","true",
"C","A","20230101","2023","52","2023","800","UGA","Uganda","X","Export","0","W00","World","0","W00","World","H6","HS","true","TOTAL","All Commodities","0","false","C00","TOTAL CPC","0","0","TOTAL MOT","-1","N/A","0","false","-1","N/A","0","false","0","true","0","false",,"6305023286.34","6305023286.34","4","false","true",
"C","A","20230101","2023","52","2023","804","UKR","Ukraine","X","Export","0","W00","World","0","W00","World","H6","HS","true","TOTAL","All Commodities","0","false","C00","TOTAL CPC","0","0","TOTAL MOT","-1","N/A","0","false","-1","N/A","0","false","0","true","0","false",,"36185539498.82","36185539498.82","4","false","true",
"C","A","20230101","2023","52","2023","807","MKD","North Macedonia","X","Export","0","W00","World","0","W00","World","H6","HS","true","TOTAL","All Commodities","0","false","C00","TOTAL CPC","0","0","TOTAL MOT","-1","N/A","0","false","-1","N/A","0","false",,"false","0","false",,"8994857556.835","8994857556.835","0","false","true",
"C","A","20230101","2023","52","2023","818","EGY","Egypt","X","Export","0","W00","World","0","W00","World","H6","HS","true","TOTAL","All Commodities","0","false","C00","TOTAL CPC","0","0","TOTAL MOT","-1","N/A","0","false","-1","N/A","0","false","0","true","0","false",,"42553243151.133","42553243151.133","4","false","true",
"C","A","20230101","2023","52","2023","826","GBR","United Kingdom","X","Export","0","W00","World","0","W00","World","H6","HS","true","TOTAL","All Commodities","0","false","C00","TOTAL CPC","0","0","TOTAL MOT","-1","N/A","0","false","-1","N/A","0","false","0","true","0","false",,"521207222955.329","521207222955.329","4","false","true",
"C","A","20230101","2023","52","2023","834","TZA","United Rep. of Tanzania","X","Export","0","W00","World","0","W00","World","H6","HS","true","TOTAL","All Commodities","0","false","C00","TOTAL CPC","0","0","TOTAL MOT","-1","N/A","0","false","-1","N/A","0","false","0","true","0","false",,"7274328787.87","7274328787.87","4","false","true",
"C","A","20230101","2023","52","2023","842","USA","USA","X","Export","0","W00","World","0","W00","World","H6","HS","true","TOTAL","All Commodities","0","false","C00","TOTAL CPC","0","0","TOTAL MOT","-1","N/A","0","false","-1","N/A","0","false","0","true","0","false",,"2018542583771","2018542583771","4","false","true",
"C","A","20230101","2023","52","2023","854","BFA","Burkina Faso","X","Export","0","W00","World","0","W00","World","H6","HS","true","TOTAL","All Commodities","0","false","C00","TOTAL CPC","0","0","TOTAL MOT","-1","N/A","0","false","-1","N/A","0","false",,"false","0","false",,"4458757137.217","4458757137.217","0","false","true",
"C","A","20230101","2023","52","2023","858","URY","Uruguay","X","Export","0","W00","World","0","W00","World","H6","HS","true","TOTAL","All Commodities","0","false","C00","TOTAL CPC","0","0","TOTAL MOT","-1","N/A","0","false","-1","N/A","0","false","0","true","0","false",,"9192776209","9192776209","4","false","true",
"C","A","20230101","2023","52","2023","860","UZB","Uzbekistan","X","Export","0","W00","World","0","W00","World","H6","HS","true","TOTAL","All Commodities","0","false","C00","TOTAL CPC","0","0","TOTAL MOT","-1","N/A","0","false","-1","N/A","0","false","0","true","0","false",,"21016916974.258","21016916974.258","4","false","true",
"C","A","20230101","2023","52","2023","882","WSM","Samoa","X","Export","0","W00","World","0","W00","World","H5","HS","true","TOTAL","All Commodities","0","false","C00","TOTAL CPC","0","0","TOTAL MOT","-1","N/A","0","false","-1","N/A","0","false","0","true","0","false",,"42913094.05","42913094.05","4","false","true",
"C","A","20230101","2023","52","2023","894","ZMB","Zambia","X","Export","0","W00","World","0","W00","World","H6","HS","true","TOTAL","All Commodities","0","false","C00","TOTAL CPC","0","0","TOTAL MOT","-1","N/A","0","false","-1","N/A","0","false",,"false","0","false",,"10431183715.611","10431183715.611","0","false","true",
